{
  "add-circle": {
    "id": "add-circle",
    "component": "AddCircleIcon",
    "weights": [
      "regular",
      "bold",
      "solid"
    ],
    "file": "add-circle.svg"
  },
  "add-square": {
    "id": "add-square",
    "component": "AddSquareIcon",
    "weights": [
      "regular",
      "bold",
      "solid"
    ],
    "file": "add-square.svg"
  },
  "add": {
    "id": "add",
    "component": "AddIcon",
    "weights": [
      "regular",
      "bold",
      "solid"
    ],
    "file": "add.svg"
  },
  "airplay": {
    "id": "airplay",
    "component": "AirplayIcon",
    "weights": [
      "regular",
      "bold",
      "solid"
    ],
    "file": "airplay.svg"
  },
  "alarm": {
    "id": "alarm",
    "component": "AlarmIcon",
    "weights": [
      "regular",
      "bold",
      "solid"
    ],
    "file": "alarm.svg"
  },
  "align-center": {
    "id": "align-center",
    "component": "AlignCenterIcon",
    "weights": [
      "regular",
      "bold",
      "solid"
    ],
    "file": "align-center.svg"
  },
  "align-justify": {
    "id": "align-justify",
    "component": "AlignJustifyIcon",
    "weights": [
      "regular",
      "bold",
      "solid"
    ],
    "file": "align-justify.svg"
  },
  "align-left": {
    "id": "align-left",
    "component": "AlignLeftIcon",
    "weights": [
      "regular",
      "bold",
      "solid"
    ],
    "file": "align-left.svg"
  },
  "align-right": {
    "id": "align-right",
    "component": "AlignRightIcon",
    "weights": [
      "regular",
      "bold",
      "solid"
    ],
    "file": "align-right.svg"
  },
  "angle-bottom-left": {
    "id": "angle-bottom-left",
    "component": "AngleBottomLeftIcon",
    "weights": [
      "regular",
      "bold",
      "solid"
    ],
    "file": "angle-bottom-left.svg"
  },
  "angle-bottom-right": {
    "id": "angle-bottom-right",
    "component": "AngleBottomRightIcon",
    "weights": [
      "regular",
      "bold",
      "solid"
    ],
    "file": "angle-bottom-right.svg"
  },
  "angle-top-left": {
    "id": "angle-top-left",
    "component": "AngleTopLeftIcon",
    "weights": [
      "regular",
      "bold",
      "solid"
    ],
    "file": "angle-top-left.svg"
  },
  "angle-top-right": {
    "id": "angle-top-right",
    "component": "AngleTopRightIcon",
    "weights": [
      "regular",
      "bold",
      "solid"
    ],
    "file": "angle-top-right.svg"
  },
  "arrow-bottom-circle": {
    "id": "arrow-bottom-circle",
    "component": "ArrowBottomCircleIcon",
    "weights": [
      "regular",
      "bold",
      "solid"
    ],
    "file": "arrow-bottom-circle.svg"
  },
  "arrow-bottom-large": {
    "id": "arrow-bottom-large",
    "component": "ArrowBottomLargeIcon",
    "weights": [
      "regular",
      "bold",
      "solid"
    ],
    "file": "arrow-bottom-large.svg"
  },
  "arrow-bottom-left-circle": {
    "id": "arrow-bottom-left-circle",
    "component": "ArrowBottomLeftCircleIcon",
    "weights": [
      "regular",
      "bold",
      "solid"
    ],
    "file": "arrow-bottom-left-circle.svg"
  },
  "arrow-bottom-left-large": {
    "id": "arrow-bottom-left-large",
    "component": "ArrowBottomLeftLargeIcon",
    "weights": [
      "regular",
      "bold",
      "solid"
    ],
    "file": "arrow-bottom-left-large.svg"
  },
  "arrow-bottom-left-normal": {
    "id": "arrow-bottom-left-normal",
    "component": "ArrowBottomLeftNormalIcon",
    "weights": [
      "regular",
      "bold",
      "solid"
    ],
    "file": "arrow-bottom-left-normal.svg"
  },
  "arrow-bottom-left-square": {
    "id": "arrow-bottom-left-square",
    "component": "ArrowBottomLeftSquareIcon",
    "weights": [
      "regular",
      "bold",
      "solid"
    ],
    "file": "arrow-bottom-left-square.svg"
  },
  "arrow-bottom-normal": {
    "id": "arrow-bottom-normal",
    "component": "ArrowBottomNormalIcon",
    "weights": [
      "regular",
      "bold",
      "solid"
    ],
    "file": "arrow-bottom-normal.svg"
  },
  "arrow-bottom-right-circle": {
    "id": "arrow-bottom-right-circle",
    "component": "ArrowBottomRightCircleIcon",
    "weights": [
      "regular",
      "bold",
      "solid"
    ],
    "file": "arrow-bottom-right-circle.svg"
  },
  "arrow-bottom-right-large": {
    "id": "arrow-bottom-right-large",
    "component": "ArrowBottomRightLargeIcon",
    "weights": [
      "regular",
      "bold",
      "solid"
    ],
    "file": "arrow-bottom-right-large.svg"
  },
  "arrow-bottom-right-normal": {
    "id": "arrow-bottom-right-normal",
    "component": "ArrowBottomRightNormalIcon",
    "weights": [
      "regular",
      "bold",
      "solid"
    ],
    "file": "arrow-bottom-right-normal.svg"
  },
  "arrow-bottom-right-square": {
    "id": "arrow-bottom-right-square",
    "component": "ArrowBottomRightSquareIcon",
    "weights": [
      "regular",
      "bold",
      "solid"
    ],
    "file": "arrow-bottom-right-square.svg"
  },
  "arrow-bottom-square": {
    "id": "arrow-bottom-square",
    "component": "ArrowBottomSquareIcon",
    "weights": [
      "regular",
      "bold",
      "solid"
    ],
    "file": "arrow-bottom-square.svg"
  },
  "arrow-left-circle": {
    "id": "arrow-left-circle",
    "component": "ArrowLeftCircleIcon",
    "weights": [
      "regular",
      "bold",
      "solid"
    ],
    "file": "arrow-left-circle.svg"
  },
  "arrow-left-large": {
    "id": "arrow-left-large",
    "component": "ArrowLeftLargeIcon",
    "weights": [
      "regular",
      "bold",
      "solid"
    ],
    "file": "arrow-left-large.svg"
  },
  "arrow-left-normal": {
    "id": "arrow-left-normal",
    "component": "ArrowLeftNormalIcon",
    "weights": [
      "regular",
      "bold",
      "solid"
    ],
    "file": "arrow-left-normal.svg"
  },
  "arrow-left-square": {
    "id": "arrow-left-square",
    "component": "ArrowLeftSquareIcon",
    "weights": [
      "regular",
      "bold",
      "solid"
    ],
    "file": "arrow-left-square.svg"
  },
  "arrow-right-circle": {
    "id": "arrow-right-circle",
    "component": "ArrowRightCircleIcon",
    "weights": [
      "regular",
      "bold",
      "solid"
    ],
    "file": "arrow-right-circle.svg"
  },
  "arrow-right-large": {
    "id": "arrow-right-large",
    "component": "ArrowRightLargeIcon",
    "weights": [
      "regular",
      "bold",
      "solid"
    ],
    "file": "arrow-right-large.svg"
  },
  "arrow-right-normal": {
    "id": "arrow-right-normal",
    "component": "ArrowRightNormalIcon",
    "weights": [
      "regular",
      "bold",
      "solid"
    ],
    "file": "arrow-right-normal.svg"
  },
  "arrow-right-square": {
    "id": "arrow-right-square",
    "component": "ArrowRightSquareIcon",
    "weights": [
      "regular",
      "bold",
      "solid"
    ],
    "file": "arrow-right-square.svg"
  },
  "arrow-top-circle": {
    "id": "arrow-top-circle",
    "component": "ArrowTopCircleIcon",
    "weights": [
      "regular",
      "bold",
      "solid"
    ],
    "file": "arrow-top-circle.svg"
  },
  "arrow-top-large": {
    "id": "arrow-top-large",
    "component": "ArrowTopLargeIcon",
    "weights": [
      "regular",
      "bold",
      "solid"
    ],
    "file": "arrow-top-large.svg"
  },
  "arrow-top-left-circle": {
    "id": "arrow-top-left-circle",
    "component": "ArrowTopLeftCircleIcon",
    "weights": [
      "regular",
      "bold",
      "solid"
    ],
    "file": "arrow-top-left-circle.svg"
  },
  "arrow-top-left-large": {
    "id": "arrow-top-left-large",
    "component": "ArrowTopLeftLargeIcon",
    "weights": [
      "regular",
      "bold",
      "solid"
    ],
    "file": "arrow-top-left-large.svg"
  },
  "arrow-top-left-normal": {
    "id": "arrow-top-left-normal",
    "component": "ArrowTopLeftNormalIcon",
    "weights": [
      "regular",
      "bold",
      "solid"
    ],
    "file": "arrow-top-left-normal.svg"
  },
  "arrow-top-left-square": {
    "id": "arrow-top-left-square",
    "component": "ArrowTopLeftSquareIcon",
    "weights": [
      "regular",
      "bold",
      "solid"
    ],
    "file": "arrow-top-left-square.svg"
  },
  "arrow-top-normal": {
    "id": "arrow-top-normal",
    "component": "ArrowTopNormalIcon",
    "weights": [
      "regular",
      "bold",
      "solid"
    ],
    "file": "arrow-top-normal.svg"
  },
  "arrow-top-right-circle": {
    "id": "arrow-top-right-circle",
    "component": "ArrowTopRightCircleIcon",
    "weights": [
      "regular",
      "bold",
      "solid"
    ],
    "file": "arrow-top-right-circle.svg"
  },
  "arrow-top-right-large": {
    "id": "arrow-top-right-large",
    "component": "ArrowTopRightLargeIcon",
    "weights": [
      "regular",
      "bold",
      "solid"
    ],
    "file": "arrow-top-right-large.svg"
  },
  "arrow-top-right-normal": {
    "id": "arrow-top-right-normal",
    "component": "ArrowTopRightNormalIcon",
    "weights": [
      "regular",
      "bold",
      "solid"
    ],
    "file": "arrow-top-right-normal.svg"
  },
  "arrow-top-right-square": {
    "id": "arrow-top-right-square",
    "component": "ArrowTopRightSquareIcon",
    "weights": [
      "regular",
      "bold",
      "solid"
    ],
    "file": "arrow-top-right-square.svg"
  },
  "arrow-top-square": {
    "id": "arrow-top-square",
    "component": "ArrowTopSquareIcon",
    "weights": [
      "regular",
      "bold",
      "solid"
    ],
    "file": "arrow-top-square.svg"
  },
  "at-sign": {
    "id": "at-sign",
    "component": "AtSignIcon",
    "weights": [
      "regular",
      "bold",
      "solid"
    ],
    "file": "at-sign.svg"
  },
  "attachments-01": {
    "id": "attachments-01",
    "component": "Attachments01Icon",
    "weights": [
      "regular",
      "bold",
      "solid"
    ],
    "file": "attachments-01.svg"
  },
  "attachments-02": {
    "id": "attachments-02",
    "component": "Attachments02Icon",
    "weights": [
      "regular",
      "bold",
      "solid"
    ],
    "file": "attachments-02.svg"
  },
  "attention-circle": {
    "id": "attention-circle",
    "component": "AttentionCircleIcon",
    "weights": [
      "regular",
      "bold",
      "solid"
    ],
    "file": "attention-circle.svg"
  },
  "attention-security-shield": {
    "id": "attention-security-shield",
    "component": "AttentionSecurityShieldIcon",
    "weights": [
      "regular",
      "bold",
      "solid"
    ],
    "file": "attention-security-shield.svg"
  },
  "attention-square": {
    "id": "attention-square",
    "component": "AttentionSquareIcon",
    "weights": [
      "regular",
      "bold",
      "solid"
    ],
    "file": "attention-square.svg"
  },
  "attention-stop": {
    "id": "attention-stop",
    "component": "AttentionStopIcon",
    "weights": [
      "regular",
      "bold",
      "solid"
    ],
    "file": "attention-stop.svg"
  },
  "attention-triangle": {
    "id": "attention-triangle",
    "component": "AttentionTriangleIcon",
    "weights": [
      "regular",
      "bold",
      "solid"
    ],
    "file": "attention-triangle.svg"
  },
  "bag-01": {
    "id": "bag-01",
    "component": "Bag01Icon",
    "weights": [
      "regular",
      "bold",
      "solid"
    ],
    "file": "bag-01.svg"
  },
  "bag-02": {
    "id": "bag-02",
    "component": "Bag02Icon",
    "weights": [
      "regular",
      "bold",
      "solid"
    ],
    "file": "bag-02.svg"
  },
  "bag-03": {
    "id": "bag-03",
    "component": "Bag03Icon",
    "weights": [
      "regular",
      "bold",
      "solid"
    ],
    "file": "bag-03.svg"
  },
  "bar-chart-01": {
    "id": "bar-chart-01",
    "component": "BarChart01Icon",
    "weights": [
      "regular",
      "bold",
      "solid"
    ],
    "file": "bar-chart-01.svg"
  },
  "bar-chart-02": {
    "id": "bar-chart-02",
    "component": "BarChart02Icon",
    "weights": [
      "regular",
      "bold",
      "solid"
    ],
    "file": "bar-chart-02.svg"
  },
  "bell-notification-01": {
    "id": "bell-notification-01",
    "component": "BellNotification01Icon",
    "weights": [
      "regular",
      "bold",
      "solid"
    ],
    "file": "bell-notification-01.svg"
  },
  "bell-notification-03": {
    "id": "bell-notification-03",
    "component": "BellNotification03Icon",
    "weights": [
      "regular",
      "bold",
      "solid"
    ],
    "file": "bell-notification-03.svg"
  },
  "bell-notification-off-01": {
    "id": "bell-notification-off-01",
    "component": "BellNotificationOff01Icon",
    "weights": [
      "regular",
      "bold",
      "solid"
    ],
    "file": "bell-notification-off-01.svg"
  },
  "bell-notification-off-02": {
    "id": "bell-notification-off-02",
    "component": "BellNotificationOff02Icon",
    "weights": [
      "regular",
      "bold",
      "solid"
    ],
    "file": "bell-notification-off-02.svg"
  },
  "bell-notification-on-01": {
    "id": "bell-notification-on-01",
    "component": "BellNotificationOn01Icon",
    "weights": [
      "regular",
      "bold",
      "solid"
    ],
    "file": "bell-notification-on-01.svg"
  },
  "bell-notification-on-02": {
    "id": "bell-notification-on-02",
    "component": "BellNotificationOn02Icon",
    "weights": [
      "regular",
      "bold",
      "solid"
    ],
    "file": "bell-notification-on-02.svg"
  },
  "book-01": {
    "id": "book-01",
    "component": "Book01Icon",
    "weights": [
      "regular",
      "bold",
      "solid"
    ],
    "file": "book-01.svg"
  },
  "book-02": {
    "id": "book-02",
    "component": "Book02Icon",
    "weights": [
      "regular",
      "bold",
      "solid"
    ],
    "file": "book-02.svg"
  },
  "book-03": {
    "id": "book-03",
    "component": "Book03Icon",
    "weights": [
      "regular",
      "bold",
      "solid"
    ],
    "file": "book-03.svg"
  },
  "bookmark-filled": {
    "id": "bookmark-filled",
    "component": "BookmarkFilledIcon",
    "weights": [
      "regular",
      "bold",
      "solid"
    ],
    "file": "bookmark-filled.svg"
  },
  "bookmark-outline": {
    "id": "bookmark-outline",
    "component": "BookmarkOutlineIcon",
    "weights": [
      "regular",
      "bold",
      "solid"
    ],
    "file": "bookmark-outline.svg"
  },
  "bookmark-toned": {
    "id": "bookmark-toned",
    "component": "BookmarkTonedIcon",
    "weights": [
      "regular",
      "bold",
      "solid"
    ],
    "file": "bookmark-toned.svg"
  },
  "calendar-add": {
    "id": "calendar-add",
    "component": "CalendarAddIcon",
    "weights": [
      "regular",
      "bold",
      "solid"
    ],
    "file": "calendar-add.svg"
  },
  "calendar-check": {
    "id": "calendar-check",
    "component": "CalendarCheckIcon",
    "weights": [
      "regular",
      "bold",
      "solid"
    ],
    "file": "calendar-check.svg"
  },
  "calendar-close": {
    "id": "calendar-close",
    "component": "CalendarCloseIcon",
    "weights": [
      "regular",
      "bold",
      "solid"
    ],
    "file": "calendar-close.svg"
  },
  "calendar-day": {
    "id": "calendar-day",
    "component": "CalendarDayIcon",
    "weights": [
      "regular",
      "bold",
      "solid"
    ],
    "file": "calendar-day.svg"
  },
  "calendar-empty": {
    "id": "calendar-empty",
    "component": "CalendarEmptyIcon",
    "weights": [
      "regular",
      "bold",
      "solid"
    ],
    "file": "calendar-empty.svg"
  },
  "calendar-month": {
    "id": "calendar-month",
    "component": "CalendarMonthIcon",
    "weights": [
      "regular",
      "bold",
      "solid"
    ],
    "file": "calendar-month.svg"
  },
  "calendar-remove": {
    "id": "calendar-remove",
    "component": "CalendarRemoveIcon",
    "weights": [
      "regular",
      "bold",
      "solid"
    ],
    "file": "calendar-remove.svg"
  },
  "calendar-week": {
    "id": "calendar-week",
    "component": "CalendarWeekIcon",
    "weights": [
      "regular",
      "bold",
      "solid"
    ],
    "file": "calendar-week.svg"
  },
  "call-phone": {
    "id": "call-phone",
    "component": "CallPhoneIcon",
    "weights": [
      "regular",
      "bold",
      "solid"
    ],
    "file": "call-phone.svg"
  },
  "cart-01": {
    "id": "cart-01",
    "component": "Cart01Icon",
    "weights": [
      "regular",
      "bold",
      "solid"
    ],
    "file": "cart-01.svg"
  },
  "cart-02": {
    "id": "cart-02",
    "component": "Cart02Icon",
    "weights": [
      "regular",
      "bold",
      "solid"
    ],
    "file": "cart-02.svg"
  },
  "chat-conversation": {
    "id": "chat-conversation",
    "component": "ChatConversationIcon",
    "weights": [
      "regular",
      "bold",
      "solid"
    ],
    "file": "chat-conversation.svg"
  },
  "check-double": {
    "id": "check-double",
    "component": "CheckDoubleIcon",
    "weights": [
      "regular",
      "bold",
      "solid"
    ],
    "file": "check-double.svg"
  },
  "check-single": {
    "id": "check-single",
    "component": "CheckSingleIcon",
    "weights": [
      "regular",
      "bold",
      "solid"
    ],
    "file": "check-single.svg"
  },
  "checkbox-add-filled": {
    "id": "checkbox-add-filled",
    "component": "CheckboxAddFilledIcon",
    "weights": [
      "regular",
      "bold",
      "solid"
    ],
    "file": "checkbox-add-filled.svg"
  },
  "checkbox-add-outline": {
    "id": "checkbox-add-outline",
    "component": "CheckboxAddOutlineIcon",
    "weights": [
      "regular",
      "bold",
      "solid"
    ],
    "file": "checkbox-add-outline.svg"
  },
  "checkbox-add-toned": {
    "id": "checkbox-add-toned",
    "component": "CheckboxAddTonedIcon",
    "weights": [
      "regular",
      "bold",
      "solid"
    ],
    "file": "checkbox-add-toned.svg"
  },
  "checkbox-bulk-filled": {
    "id": "checkbox-bulk-filled",
    "component": "CheckboxBulkFilledIcon",
    "weights": [
      "regular",
      "bold",
      "solid"
    ],
    "file": "checkbox-bulk-filled.svg"
  },
  "checkbox-bulk-outline": {
    "id": "checkbox-bulk-outline",
    "component": "CheckboxBulkOutlineIcon",
    "weights": [
      "regular",
      "bold",
      "solid"
    ],
    "file": "checkbox-bulk-outline.svg"
  },
  "checkbox-bulk-toned": {
    "id": "checkbox-bulk-toned",
    "component": "CheckboxBulkTonedIcon",
    "weights": [
      "regular",
      "bold",
      "solid"
    ],
    "file": "checkbox-bulk-toned.svg"
  },
  "checkbox-checked-filled": {
    "id": "checkbox-checked-filled",
    "component": "CheckboxCheckedFilledIcon",
    "weights": [
      "regular",
      "bold",
      "solid"
    ],
    "file": "checkbox-checked-filled.svg"
  },
  "checkbox-checked-outline": {
    "id": "checkbox-checked-outline",
    "component": "CheckboxCheckedOutlineIcon",
    "weights": [
      "regular",
      "bold",
      "solid"
    ],
    "file": "checkbox-checked-outline.svg"
  },
  "checkbox-checked-toned": {
    "id": "checkbox-checked-toned",
    "component": "CheckboxCheckedTonedIcon",
    "weights": [
      "regular",
      "bold",
      "solid"
    ],
    "file": "checkbox-checked-toned.svg"
  },
  "checkbox-dot-filled": {
    "id": "checkbox-dot-filled",
    "component": "CheckboxDotFilledIcon",
    "weights": [
      "regular",
      "bold",
      "solid"
    ],
    "file": "checkbox-dot-filled.svg"
  },
  "checkbox-dot-outline": {
    "id": "checkbox-dot-outline",
    "component": "CheckboxDotOutlineIcon",
    "weights": [
      "regular",
      "bold",
      "solid"
    ],
    "file": "checkbox-dot-outline.svg"
  },
  "checkbox-dot-toned": {
    "id": "checkbox-dot-toned",
    "component": "CheckboxDotTonedIcon",
    "weights": [
      "regular",
      "bold",
      "solid"
    ],
    "file": "checkbox-dot-toned.svg"
  },
  "checkbox-empty-filled": {
    "id": "checkbox-empty-filled",
    "component": "CheckboxEmptyFilledIcon",
    "weights": [
      "regular",
      "bold",
      "solid"
    ],
    "file": "checkbox-empty-filled.svg"
  },
  "checkbox-empty-outline": {
    "id": "checkbox-empty-outline",
    "component": "CheckboxEmptyOutlineIcon",
    "weights": [
      "regular",
      "bold",
      "solid"
    ],
    "file": "checkbox-empty-outline.svg"
  },
  "checkbox-empty-toned": {
    "id": "checkbox-empty-toned",
    "component": "CheckboxEmptyTonedIcon",
    "weights": [
      "regular",
      "bold",
      "solid"
    ],
    "file": "checkbox-empty-toned.svg"
  },
  "checkbox-excluded-filled": {
    "id": "checkbox-excluded-filled",
    "component": "CheckboxExcludedFilledIcon",
    "weights": [
      "regular",
      "bold",
      "solid"
    ],
    "file": "checkbox-excluded-filled.svg"
  },
  "checkbox-excluded-outline": {
    "id": "checkbox-excluded-outline",
    "component": "CheckboxExcludedOutlineIcon",
    "weights": [
      "regular",
      "bold",
      "solid"
    ],
    "file": "checkbox-excluded-outline.svg"
  },
  "checkbox-excluded-toned": {
    "id": "checkbox-excluded-toned",
    "component": "CheckboxExcludedTonedIcon",
    "weights": [
      "regular",
      "bold",
      "solid"
    ],
    "file": "checkbox-excluded-toned.svg"
  },
  "chevron-bottom-circle": {
    "id": "chevron-bottom-circle",
    "component": "ChevronBottomCircleIcon",
    "weights": [
      "regular",
      "bold",
      "solid"
    ],
    "file": "chevron-bottom-circle.svg"
  },
  "chevron-bottom-duo": {
    "id": "chevron-bottom-duo",
    "component": "ChevronBottomDuoIcon",
    "weights": [
      "regular",
      "bold",
      "solid"
    ],
    "file": "chevron-bottom-duo.svg"
  },
  "chevron-bottom-left-circle": {
    "id": "chevron-bottom-left-circle",
    "component": "ChevronBottomLeftCircleIcon",
    "weights": [
      "regular",
      "bold",
      "solid"
    ],
    "file": "chevron-bottom-left-circle.svg"
  },
  "chevron-bottom-left-duo": {
    "id": "chevron-bottom-left-duo",
    "component": "ChevronBottomLeftDuoIcon",
    "weights": [
      "regular",
      "bold",
      "solid"
    ],
    "file": "chevron-bottom-left-duo.svg"
  },
  "chevron-bottom-left-normal": {
    "id": "chevron-bottom-left-normal",
    "component": "ChevronBottomLeftNormalIcon",
    "weights": [
      "regular",
      "bold",
      "solid"
    ],
    "file": "chevron-bottom-left-normal.svg"
  },
  "chevron-bottom-left-square": {
    "id": "chevron-bottom-left-square",
    "component": "ChevronBottomLeftSquareIcon",
    "weights": [
      "regular",
      "bold",
      "solid"
    ],
    "file": "chevron-bottom-left-square.svg"
  },
  "chevron-bottom-normal": {
    "id": "chevron-bottom-normal",
    "component": "ChevronBottomNormalIcon",
    "weights": [
      "regular",
      "bold",
      "solid"
    ],
    "file": "chevron-bottom-normal.svg"
  },
  "chevron-bottom-right-circle": {
    "id": "chevron-bottom-right-circle",
    "component": "ChevronBottomRightCircleIcon",
    "weights": [
      "regular",
      "bold",
      "solid"
    ],
    "file": "chevron-bottom-right-circle.svg"
  },
  "chevron-bottom-right-duo": {
    "id": "chevron-bottom-right-duo",
    "component": "ChevronBottomRightDuoIcon",
    "weights": [
      "regular",
      "bold",
      "solid"
    ],
    "file": "chevron-bottom-right-duo.svg"
  },
  "chevron-bottom-right-normal": {
    "id": "chevron-bottom-right-normal",
    "component": "ChevronBottomRightNormalIcon",
    "weights": [
      "regular",
      "bold",
      "solid"
    ],
    "file": "chevron-bottom-right-normal.svg"
  },
  "chevron-bottom-right-square": {
    "id": "chevron-bottom-right-square",
    "component": "ChevronBottomRightSquareIcon",
    "weights": [
      "regular",
      "bold",
      "solid"
    ],
    "file": "chevron-bottom-right-square.svg"
  },
  "chevron-bottom-square": {
    "id": "chevron-bottom-square",
    "component": "ChevronBottomSquareIcon",
    "weights": [
      "regular",
      "bold",
      "solid"
    ],
    "file": "chevron-bottom-square.svg"
  },
  "chevron-left-circle": {
    "id": "chevron-left-circle",
    "component": "ChevronLeftCircleIcon",
    "weights": [
      "regular",
      "bold",
      "solid"
    ],
    "file": "chevron-left-circle.svg"
  },
  "chevron-left-duo": {
    "id": "chevron-left-duo",
    "component": "ChevronLeftDuoIcon",
    "weights": [
      "regular",
      "bold",
      "solid"
    ],
    "file": "chevron-left-duo.svg"
  },
  "chevron-left-normal": {
    "id": "chevron-left-normal",
    "component": "ChevronLeftNormalIcon",
    "weights": [
      "regular",
      "bold",
      "solid"
    ],
    "file": "chevron-left-normal.svg"
  },
  "chevron-left-square": {
    "id": "chevron-left-square",
    "component": "ChevronLeftSquareIcon",
    "weights": [
      "regular",
      "bold",
      "solid"
    ],
    "file": "chevron-left-square.svg"
  },
  "chevron-right-circle": {
    "id": "chevron-right-circle",
    "component": "ChevronRightCircleIcon",
    "weights": [
      "regular",
      "bold",
      "solid"
    ],
    "file": "chevron-right-circle.svg"
  },
  "chevron-right-duo": {
    "id": "chevron-right-duo",
    "component": "ChevronRightDuoIcon",
    "weights": [
      "regular",
      "bold",
      "solid"
    ],
    "file": "chevron-right-duo.svg"
  },
  "chevron-right-normal": {
    "id": "chevron-right-normal",
    "component": "ChevronRightNormalIcon",
    "weights": [
      "regular",
      "bold",
      "solid"
    ],
    "file": "chevron-right-normal.svg"
  },
  "chevron-right-square": {
    "id": "chevron-right-square",
    "component": "ChevronRightSquareIcon",
    "weights": [
      "regular",
      "bold",
      "solid"
    ],
    "file": "chevron-right-square.svg"
  },
  "chevron-top-circle": {
    "id": "chevron-top-circle",
    "component": "ChevronTopCircleIcon",
    "weights": [
      "regular",
      "bold",
      "solid"
    ],
    "file": "chevron-top-circle.svg"
  },
  "chevron-top-duo": {
    "id": "chevron-top-duo",
    "component": "ChevronTopDuoIcon",
    "weights": [
      "regular",
      "bold",
      "solid"
    ],
    "file": "chevron-top-duo.svg"
  },
  "chevron-top-left-circle": {
    "id": "chevron-top-left-circle",
    "component": "ChevronTopLeftCircleIcon",
    "weights": [
      "regular",
      "bold",
      "solid"
    ],
    "file": "chevron-top-left-circle.svg"
  },
  "chevron-top-left-duo": {
    "id": "chevron-top-left-duo",
    "component": "ChevronTopLeftDuoIcon",
    "weights": [
      "regular",
      "bold",
      "solid"
    ],
    "file": "chevron-top-left-duo.svg"
  },
  "chevron-top-left-normal": {
    "id": "chevron-top-left-normal",
    "component": "ChevronTopLeftNormalIcon",
    "weights": [
      "regular",
      "bold",
      "solid"
    ],
    "file": "chevron-top-left-normal.svg"
  },
  "chevron-top-left-square": {
    "id": "chevron-top-left-square",
    "component": "ChevronTopLeftSquareIcon",
    "weights": [
      "regular",
      "bold",
      "solid"
    ],
    "file": "chevron-top-left-square.svg"
  },
  "chevron-top-normal": {
    "id": "chevron-top-normal",
    "component": "ChevronTopNormalIcon",
    "weights": [
      "regular",
      "bold",
      "solid"
    ],
    "file": "chevron-top-normal.svg"
  },
  "chevron-top-right-circle": {
    "id": "chevron-top-right-circle",
    "component": "ChevronTopRightCircleIcon",
    "weights": [
      "regular",
      "bold",
      "solid"
    ],
    "file": "chevron-top-right-circle.svg"
  },
  "chevron-top-right-duo": {
    "id": "chevron-top-right-duo",
    "component": "ChevronTopRightDuoIcon",
    "weights": [
      "regular",
      "bold",
      "solid"
    ],
    "file": "chevron-top-right-duo.svg"
  },
  "chevron-top-right-normal": {
    "id": "chevron-top-right-normal",
    "component": "ChevronTopRightNormalIcon",
    "weights": [
      "regular",
      "bold",
      "solid"
    ],
    "file": "chevron-top-right-normal.svg"
  },
  "chevron-top-right-square": {
    "id": "chevron-top-right-square",
    "component": "ChevronTopRightSquareIcon",
    "weights": [
      "regular",
      "bold",
      "solid"
    ],
    "file": "chevron-top-right-square.svg"
  },
  "chevron-top-square": {
    "id": "chevron-top-square",
    "component": "ChevronTopSquareIcon",
    "weights": [
      "regular",
      "bold",
      "solid"
    ],
    "file": "chevron-top-square.svg"
  },
  "chromecast": {
    "id": "chromecast",
    "component": "ChromecastIcon",
    "weights": [
      "regular",
      "bold",
      "solid"
    ],
    "file": "chromecast.svg"
  },
  "clock": {
    "id": "clock",
    "component": "ClockIcon",
    "weights": [
      "regular",
      "bold",
      "solid"
    ],
    "file": "clock.svg"
  },
  "close-circle": {
    "id": "close-circle",
    "component": "CloseCircleIcon",
    "weights": [
      "regular",
      "bold",
      "solid"
    ],
    "file": "close-circle.svg"
  },
  "close-square": {
    "id": "close-square",
    "component": "CloseSquareIcon",
    "weights": [
      "regular",
      "bold",
      "solid"
    ],
    "file": "close-square.svg"
  },
  "close": {
    "id": "close",
    "component": "CloseIcon",
    "weights": [
      "regular",
      "bold",
      "solid"
    ],
    "file": "close.svg"
  },
  "command": {
    "id": "command",
    "component": "CommandIcon",
    "weights": [
      "regular",
      "bold",
      "solid"
    ],
    "file": "command.svg"
  },
  "compass-location": {
    "id": "compass-location",
    "component": "CompassLocationIcon",
    "weights": [
      "regular",
      "bold",
      "solid"
    ],
    "file": "compass-location.svg"
  },
  "copy-add": {
    "id": "copy-add",
    "component": "CopyAddIcon",
    "weights": [
      "regular",
      "bold",
      "solid"
    ],
    "file": "copy-add.svg"
  },
  "copy-check": {
    "id": "copy-check",
    "component": "CopyCheckIcon",
    "weights": [
      "regular",
      "bold",
      "solid"
    ],
    "file": "copy-check.svg"
  },
  "copy-duplicate": {
    "id": "copy-duplicate",
    "component": "CopyDuplicateIcon",
    "weights": [
      "regular",
      "bold",
      "solid"
    ],
    "file": "copy-duplicate.svg"
  },
  "copy-remove": {
    "id": "copy-remove",
    "component": "CopyRemoveIcon",
    "weights": [
      "regular",
      "bold",
      "solid"
    ],
    "file": "copy-remove.svg"
  },
  "credit-card-01": {
    "id": "credit-card-01",
    "component": "CreditCard01Icon",
    "weights": [
      "regular",
      "bold",
      "solid"
    ],
    "file": "credit-card-01.svg"
  },
  "credit-card-02": {
    "id": "credit-card-02",
    "component": "CreditCard02Icon",
    "weights": [
      "regular",
      "bold",
      "solid"
    ],
    "file": "credit-card-02.svg"
  },
  "delete": {
    "id": "delete",
    "component": "DeleteIcon",
    "weights": [
      "regular",
      "bold",
      "solid"
    ],
    "file": "delete.svg"
  },
  "desktop": {
    "id": "desktop",
    "component": "DesktopIcon",
    "weights": [
      "regular",
      "bold",
      "solid"
    ],
    "file": "desktop.svg"
  },
  "devices": {
    "id": "devices",
    "component": "DevicesIcon",
    "weights": [
      "regular",
      "bold",
      "solid"
    ],
    "file": "devices.svg"
  },
  "direction-01": {
    "id": "direction-01",
    "component": "Direction01Icon",
    "weights": [
      "regular",
      "bold",
      "solid"
    ],
    "file": "direction-01.svg"
  },
  "direction-02": {
    "id": "direction-02",
    "component": "Direction02Icon",
    "weights": [
      "regular",
      "bold",
      "solid"
    ],
    "file": "direction-02.svg"
  },
  "display": {
    "id": "display",
    "component": "DisplayIcon",
    "weights": [
      "regular",
      "bold",
      "solid"
    ],
    "file": "display.svg"
  },
  "download": {
    "id": "download",
    "component": "DownloadIcon",
    "weights": [
      "regular",
      "bold",
      "solid"
    ],
    "file": "download.svg"
  },
  "drag-vertical": {
    "id": "drag-vertical",
    "component": "DragVerticalIcon",
    "weights": [
      "regular",
      "bold",
      "solid"
    ],
    "file": "drag-vertical.svg"
  },
  "edit-01": {
    "id": "edit-01",
    "component": "Edit01Icon",
    "weights": [
      "regular",
      "bold",
      "solid"
    ],
    "file": "edit-01.svg"
  },
  "edit-02": {
    "id": "edit-02",
    "component": "Edit02Icon",
    "weights": [
      "regular",
      "bold",
      "solid"
    ],
    "file": "edit-02.svg"
  },
  "edit-03": {
    "id": "edit-03",
    "component": "Edit03Icon",
    "weights": [
      "regular",
      "bold",
      "solid"
    ],
    "file": "edit-03.svg"
  },
  "edit-04": {
    "id": "edit-04",
    "component": "Edit04Icon",
    "weights": [
      "regular",
      "bold",
      "solid"
    ],
    "file": "edit-04.svg"
  },
  "edit-05": {
    "id": "edit-05",
    "component": "Edit05Icon",
    "weights": [
      "regular",
      "bold",
      "solid"
    ],
    "file": "edit-05.svg"
  },
  "edit-06": {
    "id": "edit-06",
    "component": "Edit06Icon",
    "weights": [
      "regular",
      "bold",
      "solid"
    ],
    "file": "edit-06.svg"
  },
  "equal-circle": {
    "id": "equal-circle",
    "component": "EqualCircleIcon",
    "weights": [
      "regular",
      "bold",
      "solid"
    ],
    "file": "equal-circle.svg"
  },
  "equal-square": {
    "id": "equal-square",
    "component": "EqualSquareIcon",
    "weights": [
      "regular",
      "bold",
      "solid"
    ],
    "file": "equal-square.svg"
  },
  "equal": {
    "id": "equal",
    "component": "EqualIcon",
    "weights": [
      "regular",
      "bold",
      "solid"
    ],
    "file": "equal.svg"
  },
  "expand-1-circle": {
    "id": "expand-1-circle",
    "component": "Expand1CircleIcon",
    "weights": [
      "regular",
      "bold",
      "solid"
    ],
    "file": "expand-1-circle.svg"
  },
  "expand-1-square": {
    "id": "expand-1-square",
    "component": "Expand1SquareIcon",
    "weights": [
      "regular",
      "bold",
      "solid"
    ],
    "file": "expand-1-square.svg"
  },
  "expand-1": {
    "id": "expand-1",
    "component": "Expand1Icon",
    "weights": [
      "regular",
      "bold",
      "solid"
    ],
    "file": "expand-1.svg"
  },
  "expand-2-circle": {
    "id": "expand-2-circle",
    "component": "Expand2CircleIcon",
    "weights": [
      "regular",
      "bold",
      "solid"
    ],
    "file": "expand-2-circle.svg"
  },
  "expand-2-square": {
    "id": "expand-2-square",
    "component": "Expand2SquareIcon",
    "weights": [
      "regular",
      "bold",
      "solid"
    ],
    "file": "expand-2-square.svg"
  },
  "expand-2": {
    "id": "expand-2",
    "component": "Expand2Icon",
    "weights": [
      "regular",
      "bold",
      "solid"
    ],
    "file": "expand-2.svg"
  },
  "eye-off": {
    "id": "eye-off",
    "component": "EyeOffIcon",
    "weights": [
      "regular",
      "bold",
      "solid"
    ],
    "file": "eye-off.svg"
  },
  "eye": {
    "id": "eye",
    "component": "EyeIcon",
    "weights": [
      "regular",
      "bold",
      "solid"
    ],
    "file": "eye.svg"
  },
  "file-add": {
    "id": "file-add",
    "component": "FileAddIcon",
    "weights": [
      "regular",
      "bold",
      "solid"
    ],
    "file": "file-add.svg"
  },
  "file-check": {
    "id": "file-check",
    "component": "FileCheckIcon",
    "weights": [
      "regular",
      "bold",
      "solid"
    ],
    "file": "file-check.svg"
  },
  "file-code": {
    "id": "file-code",
    "component": "FileCodeIcon",
    "weights": [
      "regular",
      "bold",
      "solid"
    ],
    "file": "file-code.svg"
  },
  "file-download": {
    "id": "file-download",
    "component": "FileDownloadIcon",
    "weights": [
      "regular",
      "bold",
      "solid"
    ],
    "file": "file-download.svg"
  },
  "file-edit": {
    "id": "file-edit",
    "component": "FileEditIcon",
    "weights": [
      "regular",
      "bold",
      "solid"
    ],
    "file": "file-edit.svg"
  },
  "file-empty": {
    "id": "file-empty",
    "component": "FileEmptyIcon",
    "weights": [
      "regular",
      "bold",
      "solid"
    ],
    "file": "file-empty.svg"
  },
  "file-filled": {
    "id": "file-filled",
    "component": "FileFilledIcon",
    "weights": [
      "regular",
      "bold",
      "solid"
    ],
    "file": "file-filled.svg"
  },
  "file-minus": {
    "id": "file-minus",
    "component": "FileMinusIcon",
    "weights": [
      "regular",
      "bold",
      "solid"
    ],
    "file": "file-minus.svg"
  },
  "file-remove": {
    "id": "file-remove",
    "component": "FileRemoveIcon",
    "weights": [
      "regular",
      "bold",
      "solid"
    ],
    "file": "file-remove.svg"
  },
  "file-search": {
    "id": "file-search",
    "component": "FileSearchIcon",
    "weights": [
      "regular",
      "bold",
      "solid"
    ],
    "file": "file-search.svg"
  },
  "file-upload": {
    "id": "file-upload",
    "component": "FileUploadIcon",
    "weights": [
      "regular",
      "bold",
      "solid"
    ],
    "file": "file-upload.svg"
  },
  "files": {
    "id": "files",
    "component": "FilesIcon",
    "weights": [
      "regular",
      "bold",
      "solid"
    ],
    "file": "files.svg"
  },
  "flag": {
    "id": "flag",
    "component": "FlagIcon",
    "weights": [
      "regular",
      "bold",
      "solid"
    ],
    "file": "flag.svg"
  },
  "flash": {
    "id": "flash",
    "component": "FlashIcon",
    "weights": [
      "regular",
      "bold",
      "solid"
    ],
    "file": "flash.svg"
  },
  "folder-add": {
    "id": "folder-add",
    "component": "FolderAddIcon",
    "weights": [
      "regular",
      "bold",
      "solid"
    ],
    "file": "folder-add.svg"
  },
  "folder-check": {
    "id": "folder-check",
    "component": "FolderCheckIcon",
    "weights": [
      "regular",
      "bold",
      "solid"
    ],
    "file": "folder-check.svg"
  },
  "folder-code": {
    "id": "folder-code",
    "component": "FolderCodeIcon",
    "weights": [
      "regular",
      "bold",
      "solid"
    ],
    "file": "folder-code.svg"
  },
  "folder-download": {
    "id": "folder-download",
    "component": "FolderDownloadIcon",
    "weights": [
      "regular",
      "bold",
      "solid"
    ],
    "file": "folder-download.svg"
  },
  "folder-edit": {
    "id": "folder-edit",
    "component": "FolderEditIcon",
    "weights": [
      "regular",
      "bold",
      "solid"
    ],
    "file": "folder-edit.svg"
  },
  "folder-empty": {
    "id": "folder-empty",
    "component": "FolderEmptyIcon",
    "weights": [
      "regular",
      "bold",
      "solid"
    ],
    "file": "folder-empty.svg"
  },
  "folder-filled": {
    "id": "folder-filled",
    "component": "FolderFilledIcon",
    "weights": [
      "regular",
      "bold",
      "solid"
    ],
    "file": "folder-filled.svg"
  },
  "folder-minus": {
    "id": "folder-minus",
    "component": "FolderMinusIcon",
    "weights": [
      "regular",
      "bold",
      "solid"
    ],
    "file": "folder-minus.svg"
  },
  "folder-remove": {
    "id": "folder-remove",
    "component": "FolderRemoveIcon",
    "weights": [
      "regular",
      "bold",
      "solid"
    ],
    "file": "folder-remove.svg"
  },
  "folder-search": {
    "id": "folder-search",
    "component": "FolderSearchIcon",
    "weights": [
      "regular",
      "bold",
      "solid"
    ],
    "file": "folder-search.svg"
  },
  "folder-upload": {
    "id": "folder-upload",
    "component": "FolderUploadIcon",
    "weights": [
      "regular",
      "bold",
      "solid"
    ],
    "file": "folder-upload.svg"
  },
  "folders": {
    "id": "folders",
    "component": "FoldersIcon",
    "weights": [
      "regular",
      "bold",
      "solid"
    ],
    "file": "folders.svg"
  },
  "forward": {
    "id": "forward",
    "component": "ForwardIcon",
    "weights": [
      "regular",
      "bold",
      "solid"
    ],
    "file": "forward.svg"
  },
  "Frame 9stop": {
    "id": "Frame 9stop",
    "component": "Frame9stopIcon",
    "weights": [
      "regular",
      "bold",
      "solid"
    ],
    "file": "Frame 9stop.svg"
  },
  "funnel-filter": {
    "id": "funnel-filter",
    "component": "FunnelFilterIcon",
    "weights": [
      "regular",
      "bold",
      "solid"
    ],
    "file": "funnel-filter.svg"
  },
  "globe": {
    "id": "globe",
    "component": "GlobeIcon",
    "weights": [
      "regular",
      "bold",
      "solid"
    ],
    "file": "globe.svg"
  },
  "graph-01": {
    "id": "graph-01",
    "component": "Graph01Icon",
    "weights": [
      "regular",
      "bold",
      "solid"
    ],
    "file": "graph-01.svg"
  },
  "graph-02": {
    "id": "graph-02",
    "component": "Graph02Icon",
    "weights": [
      "regular",
      "bold",
      "solid"
    ],
    "file": "graph-02.svg"
  },
  "graph-arrow-decrease-01": {
    "id": "graph-arrow-decrease-01",
    "component": "GraphArrowDecrease01Icon",
    "weights": [
      "regular",
      "bold",
      "solid"
    ],
    "file": "graph-arrow-decrease-01.svg"
  },
  "graph-arrow-decrease-02": {
    "id": "graph-arrow-decrease-02",
    "component": "GraphArrowDecrease02Icon",
    "weights": [
      "regular",
      "bold",
      "solid"
    ],
    "file": "graph-arrow-decrease-02.svg"
  },
  "graph-arrow-double": {
    "id": "graph-arrow-double",
    "component": "GraphArrowDoubleIcon",
    "weights": [
      "regular",
      "bold",
      "solid"
    ],
    "file": "graph-arrow-double.svg"
  },
  "graph-arrow-increase-01": {
    "id": "graph-arrow-increase-01",
    "component": "GraphArrowIncrease01Icon",
    "weights": [
      "regular",
      "bold",
      "solid"
    ],
    "file": "graph-arrow-increase-01.svg"
  },
  "graph-arrow-increase-02": {
    "id": "graph-arrow-increase-02",
    "component": "GraphArrowIncrease02Icon",
    "weights": [
      "regular",
      "bold",
      "solid"
    ],
    "file": "graph-arrow-increase-02.svg"
  },
  "graph-decrease": {
    "id": "graph-decrease",
    "component": "GraphDecreaseIcon",
    "weights": [
      "regular",
      "bold",
      "solid"
    ],
    "file": "graph-decrease.svg"
  },
  "graph-double": {
    "id": "graph-double",
    "component": "GraphDoubleIcon",
    "weights": [
      "regular",
      "bold",
      "solid"
    ],
    "file": "graph-double.svg"
  },
  "graph-increase": {
    "id": "graph-increase",
    "component": "GraphIncreaseIcon",
    "weights": [
      "regular",
      "bold",
      "solid"
    ],
    "file": "graph-increase.svg"
  },
  "headphones": {
    "id": "headphones",
    "component": "HeadphonesIcon",
    "weights": [
      "regular",
      "bold",
      "solid"
    ],
    "file": "headphones.svg"
  },
  "heart-filled": {
    "id": "heart-filled",
    "component": "HeartFilledIcon",
    "weights": [
      "regular",
      "bold",
      "solid"
    ],
    "file": "heart-filled.svg"
  },
  "heart-outline": {
    "id": "heart-outline",
    "component": "HeartOutlineIcon",
    "weights": [
      "regular",
      "bold",
      "solid"
    ],
    "file": "heart-outline.svg"
  },
  "heart-toned": {
    "id": "heart-toned",
    "component": "HeartTonedIcon",
    "weights": [
      "regular",
      "bold",
      "solid"
    ],
    "file": "heart-toned.svg"
  },
  "help-circle": {
    "id": "help-circle",
    "component": "HelpCircleIcon",
    "weights": [
      "regular",
      "bold",
      "solid"
    ],
    "file": "help-circle.svg"
  },
  "home-01": {
    "id": "home-01",
    "component": "Home01Icon",
    "weights": [
      "regular",
      "bold",
      "solid"
    ],
    "file": "home-01.svg"
  },
  "home-02": {
    "id": "home-02",
    "component": "Home02Icon",
    "weights": [
      "regular",
      "bold",
      "solid"
    ],
    "file": "home-02.svg"
  },
  "home-03": {
    "id": "home-03",
    "component": "Home03Icon",
    "weights": [
      "regular",
      "bold",
      "solid"
    ],
    "file": "home-03.svg"
  },
  "home-04": {
    "id": "home-04",
    "component": "Home04Icon",
    "weights": [
      "regular",
      "bold",
      "solid"
    ],
    "file": "home-04.svg"
  },
  "home-05": {
    "id": "home-05",
    "component": "Home05Icon",
    "weights": [
      "regular",
      "bold",
      "solid"
    ],
    "file": "home-05.svg"
  },
  "home-06": {
    "id": "home-06",
    "component": "Home06Icon",
    "weights": [
      "regular",
      "bold",
      "solid"
    ],
    "file": "home-06.svg"
  },
  "information-circle": {
    "id": "information-circle",
    "component": "InformationCircleIcon",
    "weights": [
      "regular",
      "bold",
      "solid"
    ],
    "file": "information-circle.svg"
  },
  "information-square": {
    "id": "information-square",
    "component": "InformationSquareIcon",
    "weights": [
      "regular",
      "bold",
      "solid"
    ],
    "file": "information-square.svg"
  },
  "keyboard": {
    "id": "keyboard",
    "component": "KeyboardIcon",
    "weights": [
      "regular",
      "bold",
      "solid"
    ],
    "file": "keyboard.svg"
  },
  "label-tag-01": {
    "id": "label-tag-01",
    "component": "LabelTag01Icon",
    "weights": [
      "regular",
      "bold",
      "solid"
    ],
    "file": "label-tag-01.svg"
  },
  "label-tag-02": {
    "id": "label-tag-02",
    "component": "LabelTag02Icon",
    "weights": [
      "regular",
      "bold",
      "solid"
    ],
    "file": "label-tag-02.svg"
  },
  "laptop": {
    "id": "laptop",
    "component": "LaptopIcon",
    "weights": [
      "regular",
      "bold",
      "solid"
    ],
    "file": "laptop.svg"
  },
  "layers-01": {
    "id": "layers-01",
    "component": "Layers01Icon",
    "weights": [
      "regular",
      "bold",
      "solid"
    ],
    "file": "layers-01.svg"
  },
  "layers-02": {
    "id": "layers-02",
    "component": "Layers02Icon",
    "weights": [
      "regular",
      "bold",
      "solid"
    ],
    "file": "layers-02.svg"
  },
  "link-01": {
    "id": "link-01",
    "component": "Link01Icon",
    "weights": [
      "regular",
      "bold",
      "solid"
    ],
    "file": "link-01.svg"
  },
  "link-02": {
    "id": "link-02",
    "component": "Link02Icon",
    "weights": [
      "regular",
      "bold",
      "solid"
    ],
    "file": "link-02.svg"
  },
  "list-add": {
    "id": "list-add",
    "component": "ListAddIcon",
    "weights": [
      "regular",
      "bold",
      "solid"
    ],
    "file": "list-add.svg"
  },
  "list-check": {
    "id": "list-check",
    "component": "ListCheckIcon",
    "weights": [
      "regular",
      "bold",
      "solid"
    ],
    "file": "list-check.svg"
  },
  "list-dot": {
    "id": "list-dot",
    "component": "ListDotIcon",
    "weights": [
      "regular",
      "bold",
      "solid"
    ],
    "file": "list-dot.svg"
  },
  "list-number": {
    "id": "list-number",
    "component": "ListNumberIcon",
    "weights": [
      "regular",
      "bold",
      "solid"
    ],
    "file": "list-number.svg"
  },
  "lock": {
    "id": "lock",
    "component": "LockIcon",
    "weights": [
      "regular",
      "bold",
      "solid"
    ],
    "file": "lock.svg"
  },
  "log-in": {
    "id": "log-in",
    "component": "LogInIcon",
    "weights": [
      "regular",
      "bold",
      "solid"
    ],
    "file": "log-in.svg"
  },
  "log-out": {
    "id": "log-out",
    "component": "LogOutIcon",
    "weights": [
      "regular",
      "bold",
      "solid"
    ],
    "file": "log-out.svg"
  },
  "magnifier-search-01": {
    "id": "magnifier-search-01",
    "component": "MagnifierSearch01Icon",
    "weights": [
      "regular",
      "bold",
      "solid"
    ],
    "file": "magnifier-search-01.svg"
  },
  "magnifier-search-02": {
    "id": "magnifier-search-02",
    "component": "MagnifierSearch02Icon",
    "weights": [
      "regular",
      "bold",
      "solid"
    ],
    "file": "magnifier-search-02.svg"
  },
  "mail-open": {
    "id": "mail-open",
    "component": "MailOpenIcon",
    "weights": [
      "regular",
      "bold",
      "solid"
    ],
    "file": "mail-open.svg"
  },
  "mail": {
    "id": "mail",
    "component": "MailIcon",
    "weights": [
      "regular",
      "bold",
      "solid"
    ],
    "file": "mail.svg"
  },
  "maximize": {
    "id": "maximize",
    "component": "MaximizeIcon",
    "weights": [
      "regular",
      "bold",
      "solid"
    ],
    "file": "maximize.svg"
  },
  "menu-01": {
    "id": "menu-01",
    "component": "Menu01Icon",
    "weights": [
      "regular",
      "bold",
      "solid"
    ],
    "file": "menu-01.svg"
  },
  "menu-02": {
    "id": "menu-02",
    "component": "Menu02Icon",
    "weights": [
      "regular",
      "bold",
      "solid"
    ],
    "file": "menu-02.svg"
  },
  "menu-add": {
    "id": "menu-add",
    "component": "MenuAddIcon",
    "weights": [
      "regular",
      "bold",
      "solid"
    ],
    "file": "menu-add.svg"
  },
  "message-1": {
    "id": "message-1",
    "component": "Message1Icon",
    "weights": [
      "regular",
      "bold",
      "solid"
    ],
    "file": "message-1.svg"
  },
  "message-add": {
    "id": "message-add",
    "component": "MessageAddIcon",
    "weights": [
      "regular",
      "bold",
      "solid"
    ],
    "file": "message-add.svg"
  },
  "message-checked": {
    "id": "message-checked",
    "component": "MessageCheckedIcon",
    "weights": [
      "regular",
      "bold",
      "solid"
    ],
    "file": "message-checked.svg"
  },
  "message-close": {
    "id": "message-close",
    "component": "MessageCloseIcon",
    "weights": [
      "regular",
      "bold",
      "solid"
    ],
    "file": "message-close.svg"
  },
  "message-more": {
    "id": "message-more",
    "component": "MessageMoreIcon",
    "weights": [
      "regular",
      "bold",
      "solid"
    ],
    "file": "message-more.svg"
  },
  "message-remove": {
    "id": "message-remove",
    "component": "MessageRemoveIcon",
    "weights": [
      "regular",
      "bold",
      "solid"
    ],
    "file": "message-remove.svg"
  },
  "mic-off": {
    "id": "mic-off",
    "component": "MicOffIcon",
    "weights": [
      "regular",
      "bold",
      "solid"
    ],
    "file": "mic-off.svg"
  },
  "mic-on": {
    "id": "mic-on",
    "component": "MicOnIcon",
    "weights": [
      "regular",
      "bold",
      "solid"
    ],
    "file": "mic-on.svg"
  },
  "minimize": {
    "id": "minimize",
    "component": "MinimizeIcon",
    "weights": [
      "regular",
      "bold",
      "solid"
    ],
    "file": "minimize.svg"
  },
  "mobile-01": {
    "id": "mobile-01",
    "component": "Mobile01Icon",
    "weights": [
      "regular",
      "bold",
      "solid"
    ],
    "file": "mobile-01.svg"
  },
  "mobile-02": {
    "id": "mobile-02",
    "component": "Mobile02Icon",
    "weights": [
      "regular",
      "bold",
      "solid"
    ],
    "file": "mobile-02.svg"
  },
  "more-01": {
    "id": "more-01",
    "component": "More01Icon",
    "weights": [
      "regular",
      "bold",
      "solid"
    ],
    "file": "more-01.svg"
  },
  "more-02": {
    "id": "more-02",
    "component": "More02Icon",
    "weights": [
      "regular",
      "bold",
      "solid"
    ],
    "file": "more-02.svg"
  },
  "more-3": {
    "id": "more-3",
    "component": "More3Icon",
    "weights": [
      "regular",
      "bold",
      "solid"
    ],
    "file": "more-3.svg"
  },
  "mouse": {
    "id": "mouse",
    "component": "MouseIcon",
    "weights": [
      "regular",
      "bold",
      "solid"
    ],
    "file": "mouse.svg"
  },
  "move-01": {
    "id": "move-01",
    "component": "Move01Icon",
    "weights": [
      "regular",
      "bold",
      "solid"
    ],
    "file": "move-01.svg"
  },
  "move-02": {
    "id": "move-02",
    "component": "Move02Icon",
    "weights": [
      "regular",
      "bold",
      "solid"
    ],
    "file": "move-02.svg"
  },
  "move-03": {
    "id": "move-03",
    "component": "Move03Icon",
    "weights": [
      "regular",
      "bold",
      "solid"
    ],
    "file": "move-03.svg"
  },
  "move-04": {
    "id": "move-04",
    "component": "Move04Icon",
    "weights": [
      "regular",
      "bold",
      "solid"
    ],
    "file": "move-04.svg"
  },
  "move-05": {
    "id": "move-05",
    "component": "Move05Icon",
    "weights": [
      "regular",
      "bold",
      "solid"
    ],
    "file": "move-05.svg"
  },
  "move-06": {
    "id": "move-06",
    "component": "Move06Icon",
    "weights": [
      "regular",
      "bold",
      "solid"
    ],
    "file": "move-06.svg"
  },
  "next": {
    "id": "next",
    "component": "NextIcon",
    "weights": [
      "regular",
      "bold",
      "solid"
    ],
    "file": "next.svg"
  },
  "pause": {
    "id": "pause",
    "component": "PauseIcon",
    "weights": [
      "regular",
      "bold",
      "solid"
    ],
    "file": "pause.svg"
  },
  "photo-camera-01": {
    "id": "photo-camera-01",
    "component": "PhotoCamera01Icon",
    "weights": [
      "regular",
      "bold",
      "solid"
    ],
    "file": "photo-camera-01.svg"
  },
  "photo-camera-02": {
    "id": "photo-camera-02",
    "component": "PhotoCamera02Icon",
    "weights": [
      "regular",
      "bold",
      "solid"
    ],
    "file": "photo-camera-02.svg"
  },
  "pie-chart-01": {
    "id": "pie-chart-01",
    "component": "PieChart01Icon",
    "weights": [
      "regular",
      "bold",
      "solid"
    ],
    "file": "pie-chart-01.svg"
  },
  "pie-chart-02": {
    "id": "pie-chart-02",
    "component": "PieChart02Icon",
    "weights": [
      "regular",
      "bold",
      "solid"
    ],
    "file": "pie-chart-02.svg"
  },
  "pie-chart-03": {
    "id": "pie-chart-03",
    "component": "PieChart03Icon",
    "weights": [
      "regular",
      "bold",
      "solid"
    ],
    "file": "pie-chart-03.svg"
  },
  "pie-chart-04": {
    "id": "pie-chart-04",
    "component": "PieChart04Icon",
    "weights": [
      "regular",
      "bold",
      "solid"
    ],
    "file": "pie-chart-04.svg"
  },
  "pin-location": {
    "id": "pin-location",
    "component": "PinLocationIcon",
    "weights": [
      "regular",
      "bold",
      "solid"
    ],
    "file": "pin-location.svg"
  },
  "play": {
    "id": "play",
    "component": "PlayIcon",
    "weights": [
      "regular",
      "bold",
      "solid"
    ],
    "file": "play.svg"
  },
  "previous": {
    "id": "previous",
    "component": "PreviousIcon",
    "weights": [
      "regular",
      "bold",
      "solid"
    ],
    "file": "previous.svg"
  },
  "print": {
    "id": "print",
    "component": "PrintIcon",
    "weights": [
      "regular",
      "bold",
      "solid"
    ],
    "file": "print.svg"
  },
  "qr": {
    "id": "qr",
    "component": "QrIcon",
    "weights": [
      "regular",
      "bold",
      "solid"
    ],
    "file": "qr.svg"
  },
  "radio-checked-filled": {
    "id": "radio-checked-filled",
    "component": "RadioCheckedFilledIcon",
    "weights": [
      "regular",
      "bold",
      "solid"
    ],
    "file": "radio-checked-filled.svg"
  },
  "radio-checked-outline": {
    "id": "radio-checked-outline",
    "component": "RadioCheckedOutlineIcon",
    "weights": [
      "regular",
      "bold",
      "solid"
    ],
    "file": "radio-checked-outline.svg"
  },
  "radio-checked-toned": {
    "id": "radio-checked-toned",
    "component": "RadioCheckedTonedIcon",
    "weights": [
      "regular",
      "bold",
      "solid"
    ],
    "file": "radio-checked-toned.svg"
  },
  "radio-dot-filled": {
    "id": "radio-dot-filled",
    "component": "RadioDotFilledIcon",
    "weights": [
      "regular",
      "bold",
      "solid"
    ],
    "file": "radio-dot-filled.svg"
  },
  "radio-dot-outline": {
    "id": "radio-dot-outline",
    "component": "RadioDotOutlineIcon",
    "weights": [
      "regular",
      "bold",
      "solid"
    ],
    "file": "radio-dot-outline.svg"
  },
  "radio-dot-toned": {
    "id": "radio-dot-toned",
    "component": "RadioDotTonedIcon",
    "weights": [
      "regular",
      "bold",
      "solid"
    ],
    "file": "radio-dot-toned.svg"
  },
  "radio-empty-filled": {
    "id": "radio-empty-filled",
    "component": "RadioEmptyFilledIcon",
    "weights": [
      "regular",
      "bold",
      "solid"
    ],
    "file": "radio-empty-filled.svg"
  },
  "radio-empty-outline": {
    "id": "radio-empty-outline",
    "component": "RadioEmptyOutlineIcon",
    "weights": [
      "regular",
      "bold",
      "solid"
    ],
    "file": "radio-empty-outline.svg"
  },
  "radio-empty-toned": {
    "id": "radio-empty-toned",
    "component": "RadioEmptyTonedIcon",
    "weights": [
      "regular",
      "bold",
      "solid"
    ],
    "file": "radio-empty-toned.svg"
  },
  "radio-excluded-filled": {
    "id": "radio-excluded-filled",
    "component": "RadioExcludedFilledIcon",
    "weights": [
      "regular",
      "bold",
      "solid"
    ],
    "file": "radio-excluded-filled.svg"
  },
  "radio-excluded-outline": {
    "id": "radio-excluded-outline",
    "component": "RadioExcludedOutlineIcon",
    "weights": [
      "regular",
      "bold",
      "solid"
    ],
    "file": "radio-excluded-outline.svg"
  },
  "radio-excluded-toned": {
    "id": "radio-excluded-toned",
    "component": "RadioExcludedTonedIcon",
    "weights": [
      "regular",
      "bold",
      "solid"
    ],
    "file": "radio-excluded-toned.svg"
  },
  "redo": {
    "id": "redo",
    "component": "RedoIcon",
    "weights": [
      "regular",
      "bold",
      "solid"
    ],
    "file": "redo.svg"
  },
  "reload-01": {
    "id": "reload-01",
    "component": "Reload01Icon",
    "weights": [
      "regular",
      "bold",
      "solid"
    ],
    "file": "reload-01.svg"
  },
  "reload-02": {
    "id": "reload-02",
    "component": "Reload02Icon",
    "weights": [
      "regular",
      "bold",
      "solid"
    ],
    "file": "reload-02.svg"
  },
  "remove-circle": {
    "id": "remove-circle",
    "component": "RemoveCircleIcon",
    "weights": [
      "regular",
      "bold",
      "solid"
    ],
    "file": "remove-circle.svg"
  },
  "remove-square": {
    "id": "remove-square",
    "component": "RemoveSquareIcon",
    "weights": [
      "regular",
      "bold",
      "solid"
    ],
    "file": "remove-square.svg"
  },
  "remove": {
    "id": "remove",
    "component": "RemoveIcon",
    "weights": [
      "regular",
      "bold",
      "solid"
    ],
    "file": "remove.svg"
  },
  "repeat": {
    "id": "repeat",
    "component": "RepeatIcon",
    "weights": [
      "regular",
      "bold",
      "solid"
    ],
    "file": "repeat.svg"
  },
  "rewind": {
    "id": "rewind",
    "component": "RewindIcon",
    "weights": [
      "regular",
      "bold",
      "solid"
    ],
    "file": "rewind.svg"
  },
  "save-disk": {
    "id": "save-disk",
    "component": "SaveDiskIcon",
    "weights": [
      "regular",
      "bold",
      "solid"
    ],
    "file": "save-disk.svg"
  },
  "security-shield": {
    "id": "security-shield",
    "component": "SecurityShieldIcon",
    "weights": [
      "regular",
      "bold",
      "solid"
    ],
    "file": "security-shield.svg"
  },
  "send": {
    "id": "send",
    "component": "SendIcon",
    "weights": [
      "regular",
      "bold",
      "solid"
    ],
    "file": "send.svg"
  },
  "settings-01": {
    "id": "settings-01",
    "component": "Settings01Icon",
    "weights": [
      "regular",
      "bold",
      "solid"
    ],
    "file": "settings-01.svg"
  },
  "settings-02": {
    "id": "settings-02",
    "component": "Settings02Icon",
    "weights": [
      "regular",
      "bold",
      "solid"
    ],
    "file": "settings-02.svg"
  },
  "settings-03": {
    "id": "settings-03",
    "component": "Settings03Icon",
    "weights": [
      "regular",
      "bold",
      "solid"
    ],
    "file": "settings-03.svg"
  },
  "shrink-1-circle": {
    "id": "shrink-1-circle",
    "component": "Shrink1CircleIcon",
    "weights": [
      "regular",
      "bold",
      "solid"
    ],
    "file": "shrink-1-circle.svg"
  },
  "shrink-1-square": {
    "id": "shrink-1-square",
    "component": "Shrink1SquareIcon",
    "weights": [
      "regular",
      "bold",
      "solid"
    ],
    "file": "shrink-1-square.svg"
  },
  "shrink-1": {
    "id": "shrink-1",
    "component": "Shrink1Icon",
    "weights": [
      "regular",
      "bold",
      "solid"
    ],
    "file": "shrink-1.svg"
  },
  "shrink-2-circle": {
    "id": "shrink-2-circle",
    "component": "Shrink2CircleIcon",
    "weights": [
      "regular",
      "bold",
      "solid"
    ],
    "file": "shrink-2-circle.svg"
  },
  "shrink-2-square": {
    "id": "shrink-2-square",
    "component": "Shrink2SquareIcon",
    "weights": [
      "regular",
      "bold",
      "solid"
    ],
    "file": "shrink-2-square.svg"
  },
  "shrink-2": {
    "id": "shrink-2",
    "component": "Shrink2Icon",
    "weights": [
      "regular",
      "bold",
      "solid"
    ],
    "file": "shrink-2.svg"
  },
  "shuffle": {
    "id": "shuffle",
    "component": "ShuffleIcon",
    "weights": [
      "regular",
      "bold",
      "solid"
    ],
    "file": "shuffle.svg"
  },
  "slider-01": {
    "id": "slider-01",
    "component": "Slider01Icon",
    "weights": [
      "regular",
      "bold",
      "solid"
    ],
    "file": "slider-01.svg"
  },
  "slider-02": {
    "id": "slider-02",
    "component": "Slider02Icon",
    "weights": [
      "regular",
      "bold",
      "solid"
    ],
    "file": "slider-02.svg"
  },
  "speaker-off": {
    "id": "speaker-off",
    "component": "SpeakerOffIcon",
    "weights": [
      "regular",
      "bold",
      "solid"
    ],
    "file": "speaker-off.svg"
  },
  "speaker-on": {
    "id": "speaker-on",
    "component": "SpeakerOnIcon",
    "weights": [
      "regular",
      "bold",
      "solid"
    ],
    "file": "speaker-on.svg"
  },
  "star-filled": {
    "id": "star-filled",
    "component": "StarFilledIcon",
    "weights": [
      "regular",
      "bold",
      "solid"
    ],
    "file": "star-filled.svg"
  },
  "star-outline": {
    "id": "star-outline",
    "component": "StarOutlineIcon",
    "weights": [
      "regular",
      "bold",
      "solid"
    ],
    "file": "star-outline.svg"
  },
  "star-toned": {
    "id": "star-toned",
    "component": "StarTonedIcon",
    "weights": [
      "regular",
      "bold",
      "solid"
    ],
    "file": "star-toned.svg"
  },
  "stop": {
    "id": "stop",
    "component": "StopIcon",
    "weights": [
      "regular",
      "bold",
      "solid"
    ],
    "file": "stop.svg"
  },
  "tablet-01": {
    "id": "tablet-01",
    "component": "Tablet01Icon",
    "weights": [
      "regular",
      "bold",
      "solid"
    ],
    "file": "tablet-01.svg"
  },
  "tablet-02": {
    "id": "tablet-02",
    "component": "Tablet02Icon",
    "weights": [
      "regular",
      "bold",
      "solid"
    ],
    "file": "tablet-02.svg"
  },
  "timer-add": {
    "id": "timer-add",
    "component": "TimerAddIcon",
    "weights": [
      "regular",
      "bold",
      "solid"
    ],
    "file": "timer-add.svg"
  },
  "timer-check": {
    "id": "timer-check",
    "component": "TimerCheckIcon",
    "weights": [
      "regular",
      "bold",
      "solid"
    ],
    "file": "timer-check.svg"
  },
  "timer-close": {
    "id": "timer-close",
    "component": "TimerCloseIcon",
    "weights": [
      "regular",
      "bold",
      "solid"
    ],
    "file": "timer-close.svg"
  },
  "timer-empty": {
    "id": "timer-empty",
    "component": "TimerEmptyIcon",
    "weights": [
      "regular",
      "bold",
      "solid"
    ],
    "file": "timer-empty.svg"
  },
  "timer-minus": {
    "id": "timer-minus",
    "component": "TimerMinusIcon",
    "weights": [
      "regular",
      "bold",
      "solid"
    ],
    "file": "timer-minus.svg"
  },
  "timer": {
    "id": "timer",
    "component": "TimerIcon",
    "weights": [
      "regular",
      "bold",
      "solid"
    ],
    "file": "timer.svg"
  },
  "toggle-off-filled": {
    "id": "toggle-off-filled",
    "component": "ToggleOffFilledIcon",
    "weights": [
      "regular",
      "bold",
      "solid"
    ],
    "file": "toggle-off-filled.svg"
  },
  "toggle-off-ouline": {
    "id": "toggle-off-ouline",
    "component": "ToggleOffOulineIcon",
    "weights": [
      "regular",
      "bold",
      "solid"
    ],
    "file": "toggle-off-ouline.svg"
  },
  "toggle-off-toned": {
    "id": "toggle-off-toned",
    "component": "ToggleOffTonedIcon",
    "weights": [
      "regular",
      "bold",
      "solid"
    ],
    "file": "toggle-off-toned.svg"
  },
  "toggle-on-filled": {
    "id": "toggle-on-filled",
    "component": "ToggleOnFilledIcon",
    "weights": [
      "regular",
      "bold",
      "solid"
    ],
    "file": "toggle-on-filled.svg"
  },
  "toggle-on-ouline": {
    "id": "toggle-on-ouline",
    "component": "ToggleOnOulineIcon",
    "weights": [
      "regular",
      "bold",
      "solid"
    ],
    "file": "toggle-on-ouline.svg"
  },
  "toggle-on-toned": {
    "id": "toggle-on-toned",
    "component": "ToggleOnTonedIcon",
    "weights": [
      "regular",
      "bold",
      "solid"
    ],
    "file": "toggle-on-toned.svg"
  },
  "trash-01": {
    "id": "trash-01",
    "component": "Trash01Icon",
    "weights": [
      "regular",
      "bold",
      "solid"
    ],
    "file": "trash-01.svg"
  },
  "trash-02": {
    "id": "trash-02",
    "component": "Trash02Icon",
    "weights": [
      "regular",
      "bold",
      "solid"
    ],
    "file": "trash-02.svg"
  },
  "trend-arrow-decrease-02": {
    "id": "trend-arrow-decrease-02",
    "component": "TrendArrowDecrease02Icon",
    "weights": [
      "regular",
      "bold",
      "solid"
    ],
    "file": "trend-arrow-decrease-02.svg"
  },
  "trend-arrow-double": {
    "id": "trend-arrow-double",
    "component": "TrendArrowDoubleIcon",
    "weights": [
      "regular",
      "bold",
      "solid"
    ],
    "file": "trend-arrow-double.svg"
  },
  "trend-arrow-increase-02": {
    "id": "trend-arrow-increase-02",
    "component": "TrendArrowIncrease02Icon",
    "weights": [
      "regular",
      "bold",
      "solid"
    ],
    "file": "trend-arrow-increase-02.svg"
  },
  "trend-double": {
    "id": "trend-double",
    "component": "TrendDoubleIcon",
    "weights": [
      "regular",
      "bold",
      "solid"
    ],
    "file": "trend-double.svg"
  },
  "triangle": {
    "id": "triangle",
    "component": "TriangleIcon",
    "weights": [
      "regular",
      "bold",
      "solid"
    ],
    "file": "triangle.svg"
  },
  "undo": {
    "id": "undo",
    "component": "UndoIcon",
    "weights": [
      "regular",
      "bold",
      "solid"
    ],
    "file": "undo.svg"
  },
  "unfold-less-circle": {
    "id": "unfold-less-circle",
    "component": "UnfoldLessCircleIcon",
    "weights": [
      "regular",
      "bold",
      "solid"
    ],
    "file": "unfold-less-circle.svg"
  },
  "unfold-less-square": {
    "id": "unfold-less-square",
    "component": "UnfoldLessSquareIcon",
    "weights": [
      "regular",
      "bold",
      "solid"
    ],
    "file": "unfold-less-square.svg"
  },
  "unfold-less": {
    "id": "unfold-less",
    "component": "UnfoldLessIcon",
    "weights": [
      "regular",
      "bold",
      "solid"
    ],
    "file": "unfold-less.svg"
  },
  "unfold-more-circle": {
    "id": "unfold-more-circle",
    "component": "UnfoldMoreCircleIcon",
    "weights": [
      "regular",
      "bold",
      "solid"
    ],
    "file": "unfold-more-circle.svg"
  },
  "unfold-more-square": {
    "id": "unfold-more-square",
    "component": "UnfoldMoreSquareIcon",
    "weights": [
      "regular",
      "bold",
      "solid"
    ],
    "file": "unfold-more-square.svg"
  },
  "unfold-more": {
    "id": "unfold-more",
    "component": "UnfoldMoreIcon",
    "weights": [
      "regular",
      "bold",
      "solid"
    ],
    "file": "unfold-more.svg"
  },
  "unlock": {
    "id": "unlock",
    "component": "UnlockIcon",
    "weights": [
      "regular",
      "bold",
      "solid"
    ],
    "file": "unlock.svg"
  },
  "upload": {
    "id": "upload",
    "component": "UploadIcon",
    "weights": [
      "regular",
      "bold",
      "solid"
    ],
    "file": "upload.svg"
  },
  "user-add": {
    "id": "user-add",
    "component": "UserAddIcon",
    "weights": [
      "regular",
      "bold",
      "solid"
    ],
    "file": "user-add.svg"
  },
  "user-checked": {
    "id": "user-checked",
    "component": "UserCheckedIcon",
    "weights": [
      "regular",
      "bold",
      "solid"
    ],
    "file": "user-checked.svg"
  },
  "user-circle": {
    "id": "user-circle",
    "component": "UserCircleIcon",
    "weights": [
      "regular",
      "bold",
      "solid"
    ],
    "file": "user-circle.svg"
  },
  "user-info": {
    "id": "user-info",
    "component": "UserInfoIcon",
    "weights": [
      "regular",
      "bold",
      "solid"
    ],
    "file": "user-info.svg"
  },
  "user-minus": {
    "id": "user-minus",
    "component": "UserMinusIcon",
    "weights": [
      "regular",
      "bold",
      "solid"
    ],
    "file": "user-minus.svg"
  },
  "user-remove": {
    "id": "user-remove",
    "component": "UserRemoveIcon",
    "weights": [
      "regular",
      "bold",
      "solid"
    ],
    "file": "user-remove.svg"
  },
  "user-voice": {
    "id": "user-voice",
    "component": "UserVoiceIcon",
    "weights": [
      "regular",
      "bold",
      "solid"
    ],
    "file": "user-voice.svg"
  },
  "user": {
    "id": "user",
    "component": "UserIcon",
    "weights": [
      "regular",
      "bold",
      "solid"
    ],
    "file": "user.svg"
  },
  "users-01": {
    "id": "users-01",
    "component": "Users01Icon",
    "weights": [
      "regular",
      "bold",
      "solid"
    ],
    "file": "users-01.svg"
  },
  "users-02": {
    "id": "users-02",
    "component": "Users02Icon",
    "weights": [
      "regular",
      "bold",
      "solid"
    ],
    "file": "users-02.svg"
  },
  "vertical-horizontal": {
    "id": "vertical-horizontal",
    "component": "VerticalHorizontalIcon",
    "weights": [
      "regular",
      "bold",
      "solid"
    ],
    "file": "vertical-horizontal.svg"
  },
  "video-camera": {
    "id": "video-camera",
    "component": "VideoCameraIcon",
    "weights": [
      "regular",
      "bold",
      "solid"
    ],
    "file": "video-camera.svg"
  },
  "voucher": {
    "id": "voucher",
    "component": "VoucherIcon",
    "weights": [
      "regular",
      "bold",
      "solid"
    ],
    "file": "voucher.svg"
  }
}